Molecule,Energy(eV),Osc
hBN_5x5_C-VN,0.201066,0.000000
hBN_5x5_C-VN,0.934218,0.000006
hBN_5x5_C-VN,1.112512,0.000000
hBN_5x5_C-VN,1.161468,0.020665
hBN_5x5_C-VN,1.504235,0.000000
hBN_5x5_C-VN,1.506721,0.000010
hBN_5x5_C-VN,1.507242,0.000000
hBN_5x5_C-VN,1.538554,0.000000
hBN_5x5_C-VN,1.541605,0.000034
hBN_5x5_C-VN,1.565894,0.000000
hBN_5x5_C-VN,1.570173,0.000933
hBN_5x5_C-VN,1.676194,0.000000
hBN_5x5_C-VN,1.684914,0.000408
hBN_5x5_C-VN,1.779785,0.000000
hBN_5x5_C-VN,1.795261,0.000252
hBN_5x5_C-VN,2.074488,0.005687
hBN_5x5_C-VN,2.206526,0.000000
hBN_5x5_C-VN,2.214921,0.000000
hBN_5x5_C-VN,2.236893,0.000000
hBN_5x5_C-VN,2.253114,0.000000
hBN_5x5_C-VN,2.266443,0.000000
hBN_5x5_C-VN,2.278740,0.000674
hBN_5x5_C-VN,2.361329,0.000000
hBN_5x5_C-VN,2.363642,0.000000
hBN_5x5_C-VN,2.375057,0.005732
hBN_5x5_C-VN,2.428316,0.001065
hBN_5x5_C-VN,2.462658,0.000000
hBN_5x5_C-VN,2.497240,0.000000
hBN_5x5_C-VN,2.500519,0.002958
hBN_5x5_C-VN,2.501986,0.000000
hBN_5x5_C-VN,2.508411,0.000000
hBN_5x5_C-VN,2.512658,0.000552
hBN_5x5_C-VN,2.736470,0.000000
hBN_5x5_C-VN,2.737444,0.000000
hBN_5x5_C-VN,2.842794,0.000000
hBN_5x5_C-VN,2.843031,0.000000
hBN_5x5_C-VN,2.866193,0.000000
hBN_5x5_C-VN,2.866639,0.000001
hBN_5x5_C-VN,2.959546,0.000000
hBN_5x5_C-VN,2.960102,0.000005
hBN_5x5_C-VN,2.978238,0.000000
hBN_5x5_C-VN,2.979251,0.000000
hBN_5x5_C-VN,3.009441,0.000000
hBN_5x5_C-VN,3.158648,0.003299
hBN_5x5_C-VN,3.193884,0.000000
hBN_5x5_C-VN,3.211725,0.000000
hBN_5x5_C-VN,3.212064,0.000000
hBN_5x5_C-VN,3.229735,0.000551
hBN_5x5_C-VN,3.399143,0.000000
hBN_5x5_C-VN,3.522289,0.000000
hBN_5x5_C-VN,3.528813,0.000000
hBN_5x5_C-VN,3.530090,0.000000
hBN_5x5_C-VN,3.550041,0.000000
hBN_5x5_C-VN,3.571121,0.021602
hBN_5x5_C-VN,3.628464,0.012494
hBN_5x5_C-VN,3.640657,0.014593
hBN_5x5_C-VN,3.642318,0.000000
hBN_5x5_C-VN,3.650981,0.000000
hBN_5x5_C-VN,3.735077,0.047242
hBN_5x5_C-VN,3.782982,0.000000
hBN_5x5_C-VN,3.785761,0.006638
hBN_5x5_C-VN,3.872393,0.009502
hBN_5x5_C-VN,4.032160,0.000000
hBN_5x5_C-VN,4.032865,0.000000
hBN_5x5_C-VN,4.061337,0.000000
hBN_5x5_C-VN,4.062049,0.000000
hBN_5x5_C-VN,4.111852,0.000000
hBN_5x5_C-VN,4.115506,0.001760
hBN_5x5_C-VN,4.170549,0.000000
hBN_5x5_C-VN,4.210464,0.000000
hBN_5x5_C-VN,4.210655,0.000000
hBN_5x5_C-VN,4.221654,0.000000
hBN_5x5_C-VN,4.222738,0.000000
hBN_5x5_C-VN,4.235931,0.000000
hBN_5x5_C-VN,4.284172,0.000000
hBN_5x5_C-VN,4.284584,0.000003
hBN_5x5_C-VN,4.290352,0.000000
hBN_5x5_C-VN,4.291485,0.000132
hBN_5x5_C-VN,4.437631,0.316635
hBN_5x5_C-VN,4.529221,0.000000
hBN_5x5_C-VN,4.599128,0.000000
hBN_5x5_C-VN,4.599780,0.000002
hBN_5x5_C-VN,4.632659,0.000000
hBN_5x5_C-VN,4.644235,0.038236
hBN_5x5_C-VN,4.658646,0.000000
hBN_5x5_C-VN,4.692714,0.000000
hBN_5x5_C-VN,4.717029,0.020473
hBN_5x5_C-VN,4.722392,0.000000
hBN_5x5_C-VN,4.725390,0.000000
hBN_5x5_C-VN,4.725563,0.000000
hBN_5x5_C-VN,4.760175,0.000000
hBN_5x5_C-VN,4.766829,0.000000
hBN_5x5_C-VN,4.768631,0.009059
hBN_5x5_C-VN,4.794507,0.000000
hBN_5x5_C-VN,4.808663,0.018860
hBN_5x5_C-VN,4.850901,0.003421
hBN_5x5_C-VN,4.864079,0.000000
hBN_5x5_C-VN,4.864451,0.000001
hBN_5x5_C-VN,4.882396,0.008699
hBN_5x5_C-VN,4.885349,0.000000
hBN_5x5_C-VN,4.889765,0.227922
hBN_5x5_C-VN,4.892255,0.000000
hBN_5x5_C-VN,4.894689,0.032404
hBN_5x5_C-VN,4.898377,0.000000
hBN_5x5_C-VN,4.900742,0.017270
hBN_5x5_C-VN,4.905095,0.000000
hBN_5x5_C-VN,4.916979,0.000000
hBN_5x5_C-VN,4.919698,0.007492
hBN_5x5_C-VN,4.919911,0.042510
hBN_5x5_C-VN,4.939697,0.000000
hBN_5x5_C-VN,4.940853,0.000002
hBN_5x5_C-VN,4.943260,0.000000
hBN_5x5_C-VN,4.951670,0.000000
hBN_5x5_C-VN,4.974607,0.000000
hBN_5x5_C-VN,4.980333,0.000000
hBN_5x5_C-VN,4.992495,0.088395
hBN_5x5_C-VN,5.008650,0.000000
hBN_5x5_C-VN,5.009975,0.000043
hBN_5x5_C-VN,5.010736,0.005021
hBN_5x5_C-VN,5.015129,0.000000
hBN_5x5_C-VN,5.028083,0.203735
hBN_5x5_C-VN,5.046998,0.000000
hBN_5x5_C-VN,5.051310,0.055516
hBN_5x5_C-VN,5.058739,0.000000
hBN_5x5_C-VN,5.060447,0.185710
hBN_5x5_C-VN,5.072065,0.035209
hBN_5x5_C-VN,5.075184,0.000000
hBN_5x5_C-VN,5.077378,0.000000
hBN_5x5_C-VN,5.089763,0.032573
hBN_5x5_C-VN,5.092577,0.000000
hBN_5x5_C-VN,5.095418,0.000000
hBN_5x5_C-VN,5.099620,0.000000
hBN_5x5_C-VN,5.105525,0.001603
hBN_5x5_C-VN,5.119728,0.009206
hBN_5x5_C-VN,5.134100,0.079014
hBN_5x5_C-VN,5.134656,0.000000
hBN_5x5_C-VN,5.148879,0.000000
hBN_5x5_C-VN,5.150432,0.000178
hBN_5x5_C-VN,5.151243,0.000000
hBN_5x5_C-VN,5.158003,0.009196
hBN_5x5_C-VN,5.167148,0.033841
hBN_5x5_C-VN,5.175180,0.000000
hBN_5x5_C-VN,5.178952,0.000000
hBN_5x5_C-VN,5.186337,0.000000
hBN_5x5_C-VN,5.186910,0.088777
hBN_5x5_C-VN,5.191402,0.000000
hBN_5x5_C-VN,5.192405,0.000000
hBN_5x5_C-VN,5.210061,0.000000
hBN_5x5_C-VN,5.215203,0.041539
hBN_5x5_C-VN,5.229776,0.000000
hBN_5x5_C-VN,5.236581,0.014817
hBN_5x5_C-VN,5.237860,0.018261
hBN_5x5_C-VN,5.268196,0.000000
hBN_5x5_C-VN,5.274159,0.008427
hBN_5x5_C-VN,5.278503,0.072846
hBN_5x5_C-VN,5.290573,0.000000
hBN_5x5_C-VN,5.298484,0.025808
hBN_5x5_C-VN,5.306126,0.000000
hBN_5x5_C-VN,5.306376,0.001156
hBN_5x5_C-VN,5.318086,0.000000
hBN_5x5_C-VN,5.319003,0.013981
hBN_5x5_C-VN,5.319125,0.000000
hBN_5x5_C-VN,5.324952,0.000000
hBN_5x5_C-VN,5.339313,0.295633
hBN_5x5_C-VN,5.348102,0.093257
hBN_5x5_C-VN,5.374488,0.027352
hBN_5x5_C-VN,5.397616,0.000000
hBN_5x5_C-VN,5.399479,0.000258
hBN_5x5_C-VN,5.402617,0.000000
hBN_5x5_C-VN,5.419210,0.000000
hBN_5x5_C-VN,5.427244,0.144251
hBN_5x5_C-VN,5.427620,0.000000
hBN_5x5_C-VN,5.438740,0.084185
hBN_5x5_C-VN,5.465734,0.011195
hBN_5x5_C-VN,5.473797,0.000000
hBN_5x5_C-VN,5.480003,0.052205
hBN_5x5_C-VN,5.486416,0.014166
hBN_5x5_C-VN,5.517040,0.069015
hBN_5x5_C-VN,5.530068,0.007708
hBN_5x5_C-VN,5.537448,0.000000
hBN_5x5_C-VN,5.546577,0.535269
hBN_5x5_C-VN,5.561008,0.000000
hBN_5x5_C-VN,5.568485,0.000000
hBN_5x5_C-VN,5.568544,0.048654
hBN_5x5_C-VN,5.595516,0.000000
hBN_5x5_C-VN,5.603064,0.000000
hBN_5x5_C-VN,5.640391,0.000016
hBN_5x5_C-VN,5.645417,0.517261
hBN_5x5_C-VN,5.657691,0.038834
hBN_5x5_C-VN,5.691110,0.000000
hBN_5x5_C-VN,5.692228,0.000000
hBN_5x5_C-VN,5.699470,0.162354
hBN_5x5_C-VN,5.701048,0.000000
hBN_5x5_C-VN,5.702433,0.000271
hBN_5x5_C-VN,5.707216,0.000000
hBN_5x5_C-VN,5.729567,0.000625
hBN_5x5_C-VN,5.735684,0.000000
hBN_5x5_C-VN,5.751643,0.000000
hBN_5x5_C-VN,5.758860,0.000000
hBN_5x5_C-VN,5.768746,0.009226
hBN_5x5_C-VN,5.771452,0.086804
hBN_5x5_C-VN,5.808323,0.001358
hBN_5x5_C-VN,5.812459,0.000000
hBN_5x5_C-VN,5.825982,0.000000
hBN_5x5_C-VN,5.844988,0.000000
hBN_5x5_C-VN,5.851664,0.000000
hBN_5x5_C-VN,5.863060,0.000014
hBN_5x5_C-VN,5.882117,0.046933
hBN_5x5_C-VN,5.884054,0.000000
hBN_5x5_C-VN,5.885726,0.000000
hBN_5x5_C-VN,5.895022,0.000000
hBN_5x5_C-VN,5.900419,0.000000
hBN_5x5_C-VN,5.918264,0.055097
hBN_5x5_C-VN,5.920635,0.000000
hBN_5x5_C-VN,5.926818,0.400044
hBN_5x5_C-VN,5.948218,0.018864
hBN_5x5_C-VN,5.952965,0.011483
hBN_5x5_C-VN,5.970194,0.004163
hBN_5x5_C-VN,5.972078,0.000000
hBN_5x5_C-VN,5.983927,0.000000
hBN_5x5_C-VN,5.989809,0.000000
hBN_5x5_C-VN,5.993926,0.000000
hBN_5x5_C-VN,5.996791,0.000000
hBN_5x5_CB,1.101538,0.010575
hBN_5x5_CB,1.104893,0.019989
hBN_5x5_CB,1.137636,0.012854
hBN_5x5_CB,1.140683,0.010654
hBN_5x5_CB,1.165384,0.000001
hBN_5x5_CB,2.066625,0.108055
hBN_5x5_CB,2.070079,0.080219
hBN_5x5_CB,2.070999,0.018881
hBN_5x5_CB,2.204824,0.359955
hBN_5x5_CB,4.099310,0.005912
hBN_5x5_CB,4.101758,0.016059
hBN_5x5_CB,4.102227,0.018603
hBN_5x5_CB,4.233300,0.136443
hBN_5x5_CB,4.329898,0.123631
hBN_5x5_CB,4.331005,0.134620
hBN_5x5_CB,5.139131,0.002309
hBN_5x5_CB,5.147828,0.008715
hBN_5x5_CB,5.149659,0.000680
hBN_5x5_CB,5.153816,0.101572
hBN_5x5_CB,5.154065,0.086342
hBN_5x5_CB,5.171213,0.000897
hBN_5x5_CB,5.173993,0.001286
hBN_5x5_CB,5.174211,0.008601
hBN_5x5_CB,5.179084,0.000023
hBN_5x5_CB,5.209864,0.027649
hBN_5x5_CB,5.210309,0.023430
hBN_5x5_CB,5.212854,0.018092
hBN_5x5_CB,5.217286,0.004022
hBN_5x5_CB,5.257908,0.055381
hBN_5x5_CB,5.258525,0.037471
hBN_5x5_CB,5.263175,0.000632
hBN_5x5_CB,5.265889,0.107817
hBN_5x5_CB,5.284324,0.000099
hBN_5x5_CB,5.300673,0.000000
hBN_5x5_CB,5.313817,0.057561
hBN_5x5_CB,5.315971,0.048574
hBN_5x5_CB,5.333916,0.077187
hBN_5x5_CB,5.350154,0.000000
hBN_5x5_CB,5.360822,0.000001
hBN_5x5_CB,5.382173,0.005146
hBN_5x5_CB,5.382399,0.011361
hBN_5x5_CB,5.388263,0.034018
hBN_5x5_CB,5.389495,0.144560
hBN_5x5_CB,5.391544,0.241424
hBN_5x5_CB,5.396856,0.043643
hBN_5x5_CB,5.399391,0.008764
hBN_5x5_CB,5.401606,0.145513
hBN_5x5_CB,5.457220,0.058387
hBN_5x5_CB,5.458033,0.025615
hBN_5x5_CB,5.523804,0.179923
hBN_5x5_CB,5.562201,0.134838
hBN_5x5_CB,5.562795,0.157211
hBN_5x5_CB,5.636428,0.415217
hBN_5x5_CB,5.923595,0.000005
hBN_5x5_CN,1.163124,0.005859
hBN_5x5_CN,1.168488,0.076732
hBN_5x5_CN,1.210327,0.025648
hBN_5x5_CN,1.213893,0.063228
hBN_5x5_CN,1.230709,0.001965
hBN_5x5_CN,1.708189,0.000000
hBN_5x5_CN,1.745075,0.000000
hBN_5x5_CN,2.346419,0.331572
hBN_5x5_CN,2.422372,0.064732
hBN_5x5_CN,2.424841,0.200117
hBN_5x5_CN,2.528143,0.127574
hBN_5x5_CN,2.542668,0.165975
hBN_5x5_CN,2.545082,0.703304
hBN_5x5_CN,2.778736,0.000000
hBN_5x5_CN,2.806054,0.000000
hBN_5x5_CN,3.094527,0.430785
hBN_5x5_CN,3.179603,0.000617
hBN_5x5_CN,3.192050,0.059521
hBN_5x5_CN,3.196443,0.376376
hBN_5x5_CN,3.214810,0.153675
hBN_5x5_CN,3.216632,0.352527
hBN_5x5_CN,3.341387,0.000000
hBN_5x5_CN,3.367135,0.000000
hBN_5x5_CN,3.369883,0.000000
hBN_5x5_CN,3.435966,0.000000
hBN_5x5_CN,4.069834,0.000000
hBN_5x5_CN,4.118758,0.000116
hBN_5x5_CN,4.127186,0.005223
hBN_5x5_CN,4.142129,0.024361
hBN_5x5_CN,4.160796,0.000000
hBN_5x5_CN,4.168415,0.000000
hBN_5x5_CN,4.299070,0.007060
hBN_5x5_CN,4.301114,0.002257
hBN_5x5_CN,4.547708,0.000084
hBN_5x5_CN,4.684758,0.000000
hBN_5x5_CN,4.758167,0.000001
hBN_5x5_CN,4.776007,0.000004
hBN_5x5_CN,4.816110,0.000075
hBN_5x5_CN,4.818955,0.000022
hBN_5x5_CN,4.837292,0.000008
hBN_5x5_CN,4.850631,0.000001
hBN_5x5_CN,4.870159,0.000000
hBN_5x5_CN,4.883050,0.000000
hBN_5x5_CN,4.959788,0.481927
hBN_5x5_CN,5.022792,0.069980
hBN_5x5_CN,5.028887,0.144655
hBN_5x5_CN,5.041803,0.011632
hBN_5x5_CN,5.042488,0.034584
hBN_5x5_CN,5.047619,0.000645
hBN_5x5_CN,5.136760,0.018122
hBN_5x5_CN,5.158974,0.003437
hBN_5x5_CN,5.162528,0.000554
hBN_5x5_CN,5.163701,0.000670
hBN_5x5_CN,5.171471,0.021507
hBN_5x5_CN,5.177256,0.060735
hBN_5x5_CN,5.178518,0.012071
hBN_5x5_CN,5.180894,0.003774
hBN_5x5_CN,5.209387,0.053455
hBN_5x5_CN,5.211070,0.056557
hBN_5x5_CN,5.221972,0.003585
hBN_5x5_CN,5.226750,0.001959
hBN_5x5_CN,5.237275,0.001252
hBN_5x5_CN,5.246761,0.001048
hBN_5x5_CN,5.248087,0.016898
hBN_5x5_CN,5.248567,0.010685
hBN_5x5_CN,5.252936,0.003344
hBN_5x5_CN,5.266108,0.288150
hBN_5x5_CN,5.268838,0.022214
hBN_5x5_CN,5.280329,0.047426
hBN_5x5_CN,5.311008,0.000052
hBN_5x5_CN,5.355542,0.065568
hBN_5x5_CN,5.356936,0.060855
hBN_5x5_CN,5.371702,0.008672
hBN_5x5_CN,5.390117,0.041632
hBN_5x5_CN,5.395673,0.078955
hBN_5x5_CN,5.403090,0.028759
hBN_5x5_CN,5.426148,0.000000
hBN_5x5_CN,5.440967,0.000011
hBN_5x5_CN,5.444963,0.101426
hBN_5x5_CN,5.452206,0.098783
hBN_5x5_CN,5.464753,0.550000
hBN_5x5_CN,5.515085,0.000366
hBN_5x5_CN,5.521650,0.182854
hBN_5x5_CN,5.523635,0.000104
hBN_5x5_CN,5.535781,0.315286
hBN_5x5_CN,5.539083,0.000080
hBN_5x5_CN,5.543915,0.138780
hBN_5x5_CN,5.630379,0.000000
hBN_5x5_CN,5.687675,0.000000
hBN_5x5_CN,5.702696,0.000008
hBN_5x5_CN,5.723343,0.000004
hBN_5x5_CN,5.735086,0.000147
hBN_5x5_CN,5.738127,0.000001
hBN_5x5_CN,5.748077,0.000003
hBN_5x5_CN,5.773962,0.000029
hBN_5x5_CN,5.782277,0.000046
hBN_5x5_CN,5.863139,0.000003
hBN_5x5_CN,5.877195,0.000372
hBN_5x5_CN,5.900840,0.000008
hBN_5x5_CN,5.926470,0.002727
hBN_5x5_VB,-0.010830,0.000000
hBN_5x5_VB,0.017249,0.000010
hBN_5x5_VB,0.069006,0.000000
hBN_5x5_VB,0.075528,0.000000
hBN_5x5_VB,0.081861,0.000334
hBN_5x5_VB,0.088424,0.000296
hBN_5x5_VB,0.201144,0.000000
hBN_5x5_VB,0.204902,0.000000
hBN_5x5_VB,0.207453,0.000000
hBN_5x5_VB,0.208250,0.000110
hBN_5x5_VB,0.211312,0.000000
hBN_5x5_VB,0.211650,0.000176
hBN_5x5_VB,0.214819,0.000334
hBN_5x5_VB,0.219075,0.000573
hBN_5x5_VB,0.223750,0.000000
hBN_5x5_VB,0.230130,0.000000
hBN_5x5_VB,0.230881,0.000139
hBN_5x5_VB,0.234326,0.000000
hBN_5x5_VB,0.237885,0.000177
hBN_5x5_VB,0.243992,0.000000
hBN_5x5_VB,0.248956,0.000000
hBN_5x5_VB,0.278496,0.000000
hBN_5x5_VB,0.282303,0.000000
hBN_5x5_VB,0.290970,0.000089
hBN_5x5_VB,0.295003,0.000062
hBN_5x5_VB,0.300767,0.000000
hBN_5x5_VB,0.314484,0.000002
hBN_5x5_VB,0.439446,0.000000
hBN_5x5_VB,0.445450,0.000000
hBN_5x5_VB,0.452530,0.000000
hBN_5x5_VB,0.453318,0.000000
hBN_5x5_VB,0.488406,0.000000
hBN_5x5_VB,0.501252,0.000000
hBN_5x5_VB,0.567345,0.000007
hBN_5x5_VB,0.572350,0.000000
hBN_5x5_VB,0.627616,0.000310
hBN_5x5_VB,0.683072,0.000000
hBN_5x5_VB,0.691409,0.000000
hBN_5x5_VB,0.696067,0.000000
hBN_5x5_VB,0.699873,0.000000
hBN_5x5_VB,0.704813,0.000001
hBN_5x5_VB,0.705959,0.000000
hBN_5x5_VB,0.710348,0.000000
hBN_5x5_VB,0.713969,0.000000
hBN_5x5_VB,0.718960,0.000000
hBN_5x5_VB,0.721204,0.000000
hBN_5x5_VB,0.726353,0.000000
hBN_5x5_VB,0.735894,0.000000
hBN_5x5_VB,0.838112,0.000000
hBN_5x5_VB,0.844429,0.000000
hBN_5x5_VB,0.846201,0.002232
hBN_5x5_VB,0.853092,0.002402
hBN_5x5_VB,0.914070,0.000000
hBN_5x5_VB,0.946460,0.002281
hBN_5x5_VB,1.273660,0.000000
hBN_5x5_VB,1.280558,0.000000
hBN_5x5_VB,1.368865,0.000000
hBN_5x5_VB,1.370894,0.000000
hBN_5x5_VB,1.376289,0.000000
hBN_5x5_VB,1.376310,0.000000
hBN_5x5_VB,1.378603,0.001164
hBN_5x5_VB,1.380645,0.000000
hBN_5x5_VB,1.380937,0.000905
hBN_5x5_VB,1.384934,0.002427
hBN_5x5_VB,1.391782,0.000000
hBN_5x5_VB,1.393006,0.006655
hBN_5x5_VB,1.447034,0.000000
hBN_5x5_VB,1.447815,0.000000
hBN_5x5_VB,1.458262,0.001155
hBN_5x5_VB,1.459809,0.001904
hBN_5x5_VB,1.500241,0.000000
hBN_5x5_VB,1.502181,0.000000
hBN_5x5_VB,1.503234,0.000249
hBN_5x5_VB,1.505993,0.000000
hBN_5x5_VB,1.509391,0.000000
hBN_5x5_VB,1.510422,0.000057
hBN_5x5_VB,1.513884,0.000812
hBN_5x5_VB,1.521460,0.057026
hBN_5x5_VB,1.522834,0.000000
hBN_5x5_VB,1.529129,0.000000
hBN_5x5_VB,1.530775,0.000224
hBN_5x5_VB,1.538089,0.000155
hBN_5x5_VB,1.576521,0.000000
hBN_5x5_VB,1.579250,0.000000
hBN_5x5_VB,1.595646,0.001311
hBN_5x5_VB,1.597784,0.000000
hBN_5x5_VB,1.598125,0.002510
hBN_5x5_VB,1.635431,0.001135
hBN_5x5_VB,1.668081,0.000000
hBN_5x5_VB,1.669161,0.000001
hBN_5x5_VB,1.674609,0.000000
hBN_5x5_VB,1.675592,0.000000
hBN_5x5_VB,1.709625,0.000000
hBN_5x5_VB,1.710518,0.000000
hBN_5x5_VB,1.715830,0.000000
hBN_5x5_VB,1.717016,0.000001
hBN_5x5_VB,1.745362,0.000000
hBN_5x5_VB,1.747965,0.000000
hBN_5x5_VB,1.785536,0.000000
hBN_5x5_VB,1.786851,0.000000
hBN_5x5_VB,1.789337,0.000000
hBN_5x5_VB,1.823688,0.000000
hBN_5x5_VB,1.824517,0.000000
hBN_5x5_VB,1.857523,0.000000
hBN_5x5_VB,1.880869,0.000000
hBN_5x5_VB,1.893941,0.000000
hBN_5x5_VB,1.907458,0.000008
hBN_5x5_VB,1.907610,0.000000
hBN_5x5_VB,1.909215,0.000000
hBN_5x5_VB,1.921199,0.000000
hBN_5x5_VB,1.925106,0.000422
hBN_5x5_VB,1.927748,0.000000
hBN_5x5_VB,1.931846,0.000306
hBN_5x5_VB,1.938439,0.000000
hBN_5x5_VB,1.940940,0.000375
hBN_5x5_VB,1.942086,0.000000
hBN_5x5_VB,1.944780,0.000000
hBN_5x5_VB,1.948617,0.000011
hBN_5x5_VB,1.988697,0.000000
hBN_5x5_VB,1.990761,0.000000
hBN_5x5_VB,1.995948,0.000000
hBN_5x5_VB,1.997618,0.000000
hBN_5x5_VB,2.000864,0.000035
hBN_5x5_VB,2.000999,0.000000
hBN_5x5_VB,2.002310,0.000000
hBN_5x5_VB,2.009187,0.000000
hBN_5x5_VB,2.010295,0.000000
hBN_5x5_VB,2.012299,0.000013
hBN_5x5_VB,2.015865,0.000000
hBN_5x5_VB,2.018508,0.000000
hBN_5x5_VB,2.023820,0.000201
hBN_5x5_VB,2.025172,0.000021
hBN_5x5_VB,2.033007,0.072712
hBN_5x5_VB,2.035300,0.000000
hBN_5x5_VB,2.122572,0.000000
hBN_5x5_VB,2.152285,0.000000
hBN_5x5_VB,2.152434,0.000000
hBN_5x5_VB,2.154407,0.000000
hBN_5x5_VB,2.157205,0.000557
hBN_5x5_VB,2.158245,0.000000
hBN_5x5_VB,2.158705,0.000048
hBN_5x5_VB,2.159351,0.000000
hBN_5x5_VB,2.164276,0.001016
hBN_5x5_VB,2.165035,0.002333
hBN_5x5_VB,2.175912,0.000000
hBN_5x5_VB,2.182292,0.000000
hBN_5x5_VB,2.182487,0.001756
hBN_5x5_VB,2.188982,0.003291
hBN_5x5_VB,2.190895,0.003201
hBN_5x5_VB,2.204484,0.000000
hBN_5x5_VB,2.211072,0.000000
hBN_5x5_VB,2.224132,0.013935
hBN_5x5_VB,2.227474,0.000000
hBN_5x5_VB,2.228038,0.000000
hBN_5x5_VB,2.229063,0.000000
hBN_5x5_VB,2.229723,0.000000
hBN_5x5_VB,2.230651,0.000178
hBN_5x5_VB,2.233853,0.000000
hBN_5x5_VB,2.234674,0.000000
hBN_5x5_VB,2.236347,0.000084
hBN_5x5_VB,2.237535,0.001199
hBN_5x5_VB,2.241437,0.003175
hBN_5x5_VB,2.243151,0.003622
hBN_5x5_VB,2.248215,0.009287
hBN_5x5_VB,2.250683,0.008293
hBN_5x5_VB,2.254140,0.000000
hBN_5x5_VB,2.259417,0.000070
hBN_5x5_VB,2.304028,0.000000
hBN_5x5_VB,2.304050,0.000000
hBN_5x5_VB,2.325891,0.021216
hBN_5x5_VB,2.326697,0.021121
hBN_5x5_VB,2.401106,0.000000
hBN_5x5_VB,2.409976,0.000000
hBN_5x5_VB,2.426128,0.059141
hBN_5x5_VB,2.427822,0.000000
hBN_5x5_VB,2.437850,0.000000
hBN_5x5_VB,2.455287,0.000000
hBN_5x5_VB,2.455944,0.000000
hBN_5x5_VB,2.461735,0.000000
hBN_5x5_VB,2.462365,0.000000
hBN_5x5_VB,2.532924,0.000000
hBN_5x5_VB,2.534322,0.000000
hBN_5x5_VB,2.556646,0.000000
hBN_5x5_VB,2.557635,0.000000
hBN_5x5_VB,2.562921,0.000000
hBN_5x5_VB,2.564267,0.000000
hBN_5x5_VB,2.579792,0.000000
hBN_5x5_VB,2.580997,0.000000
hBN_5x5_VB,2.586181,0.000000
hBN_5x5_VB,2.587386,0.000000
hBN_5x5_VB,2.607713,0.000000
hBN_5x5_VB,2.621649,0.000000
hBN_5x5_VB,2.622927,0.000000
hBN_5x5_VB,2.626874,0.000000
hBN_5x5_VB,2.628183,0.000000
hBN_5x5_VB,2.628954,0.000000
hBN_5x5_VB,2.629348,0.000000
hBN_5x5_VB,2.634132,0.000000
hBN_5x5_VB,2.636403,0.000000
hBN_5x5_VB,2.649245,0.000000
hBN_5x5_VB,2.654045,0.000000
hBN_5x5_VB,2.657320,0.000000
hBN_5x5_VB,2.659567,0.000000
hBN_5x5_VB,2.660367,0.000000
hBN_5x5_VB,2.669060,0.000000
hBN_5x5_VB,2.671575,0.000009
hBN_5x5_VB,2.673677,0.000000
hBN_5x5_VB,2.680783,0.000000
hBN_5x5_VB,2.690502,0.000004
hBN_5x5_VB,2.699146,0.000000
hBN_5x5_VB,2.699593,0.000210
hBN_5x5_VB,2.701345,0.000000
hBN_5x5_VB,2.716103,0.000000
hBN_5x5_VB,2.716275,0.000000
hBN_5x5_VB,2.725328,0.000000
hBN_5x5_VB,2.725487,0.000000
hBN_5x5_VB,2.727754,0.000000
hBN_5x5_VB,2.729323,0.000092
hBN_5x5_VB,2.737619,0.000000
hBN_5x5_VB,2.739314,0.000123
hBN_5x5_VB,2.929561,0.000000
hBN_5x5_VB,2.934224,0.000000
hBN_5x5_VB,3.003482,0.000000
hBN_5x5_VB,3.021263,0.004515
hBN_5x5_VB,3.034094,0.000000
hBN_5x5_VB,3.038103,0.000000
hBN_5x5_VB,3.043731,0.000000
hBN_5x5_VB,3.044283,0.005592
hBN_5x5_VB,3.095600,0.000000
hBN_5x5_VB,3.096168,0.000000
hBN_5x5_VB,3.114623,0.004087
hBN_5x5_VB,3.146103,0.000485
hBN_5x5_VB,3.147207,0.003549
hBN_5x5_VB,3.155031,0.000000
hBN_5x5_VB,3.156237,0.000003
hBN_5x5_VB,3.161526,0.000000
hBN_5x5_VB,3.162469,0.000000
hBN_5x5_VB,3.164990,0.000000
hBN_5x5_VB,3.165855,0.000000
hBN_5x5_VB,3.171291,0.000000
hBN_5x5_VB,3.172582,0.000003
hBN_5x5_VB,3.173145,0.033649
hBN_5x5_VB,3.184958,0.002008
hBN_5x5_VB,3.189944,0.022694
hBN_5x5_VB,3.232311,0.000000
hBN_5x5_VB,3.235030,0.000000
hBN_5x5_VB,3.242213,0.000000
hBN_5x5_VB,3.244862,0.000000
hBN_5x5_VB,3.565716,0.000000
hBN_5x5_VB,3.569601,0.060183
hBN_5x5_VB,3.572041,0.000000
hBN_5x5_VB,3.574693,0.124255
hBN_5x5_VB,3.590797,0.000000
hBN_5x5_VB,3.611296,0.000000
hBN_5x5_VB,3.614850,0.680382
hBN_5x5_VB,3.617858,0.000000
hBN_5x5_VB,3.625015,0.685636
hBN_5x5_VB,3.639328,0.000000
hBN_5x5_VB,3.641583,0.000000
hBN_5x5_VB,3.663391,0.080666
hBN_5x5_VB,3.682679,0.009108
hBN_5x5_VB,3.819821,0.000000
hBN_5x5_VB,3.821250,0.000000
hBN_5x5_VB,3.826228,0.000000
hBN_5x5_VB,3.827709,0.000000
hBN_5x5_VB,3.870031,0.000000
hBN_5x5_VB,3.870676,0.000001
hBN_5x5_VB,3.876173,0.000000
hBN_5x5_VB,3.877394,0.000000
hBN_5x5_VB,3.891217,0.000000
hBN_5x5_VB,3.892264,0.000000
hBN_5x5_VB,3.897798,0.000000
hBN_5x5_VB,3.897840,0.000000
hBN_5x5_VB,3.898540,0.000001
hBN_5x5_VB,3.899273,0.000000
hBN_5x5_VB,3.944803,0.000000
hBN_5x5_VB,3.945659,0.000000
hBN_5x5_VB,3.947091,0.000000
hBN_5x5_VB,3.949712,0.000000
hBN_5x5_VB,3.951275,0.000000
hBN_5x5_VB,3.952025,0.000000
hBN_5x5_VB,3.965731,0.000000
hBN_5x5_VB,3.966481,0.000000
hBN_5x5_VB,3.968445,0.000000
hBN_5x5_VB,3.971124,0.000000
hBN_5x5_VB,3.972112,0.000000
hBN_5x5_VB,3.973018,0.000000
hBN_5x5_VB,3.995531,0.019983
hBN_5x5_VB,4.011185,0.000000
hBN_5x5_VB,4.013995,0.010492
hBN_5x5_VB,4.015414,0.000000
hBN_5x5_VB,4.016890,0.000000
hBN_5x5_VB,4.019450,0.045741
hBN_5x5_VB,4.020944,0.000000
hBN_5x5_VB,4.022651,0.000000
hBN_5x5_VB,4.022684,0.000000
hBN_5x5_VB,4.023929,0.000000
hBN_5x5_VB,4.023984,0.000000
hBN_5x5_VB,4.024733,0.000000
hBN_5x5_VB,4.025362,0.017208
hBN_5x5_VB,4.029213,0.000000
hBN_5x5_VB,4.030162,0.000000
hBN_5x5_VB,4.031428,0.000000
hBN_5x5_VB,4.039075,0.000000
hBN_5x5_VB,4.039767,0.000000
hBN_5x5_VB,4.043543,0.000000
hBN_5x5_VB,4.044828,0.000000
hBN_5x5_VB,4.045422,0.000000
hBN_5x5_VB,4.046296,0.000000
hBN_5x5_VB,4.053144,0.023671
hBN_5x5_VB,4.060423,0.000000
hBN_5x5_VB,4.061689,0.000000
hBN_5x5_VB,4.066710,0.000000
hBN_5x5_VB,4.068227,0.000000
hBN_5x5_VB,4.075918,0.000000
hBN_5x5_VB,4.077653,0.000000
hBN_5x5_VB,4.079369,0.423735
hBN_5x5_VB,4.082700,0.000000
hBN_5x5_VB,4.083738,0.000000
hBN_5x5_VB,4.088430,0.000000
hBN_5x5_VB,4.089675,0.262647
hBN_5x5_VB,4.093521,0.000000
hBN_5x5_VB,4.095222,0.000000
hBN_5x5_VB,4.098192,0.000000
hBN_5x5_VB,4.101238,0.000000
hBN_5x5_VB,4.101259,0.000000
hBN_5x5_VB,4.102490,0.002852
hBN_5x5_VB,4.103599,0.000000
hBN_5x5_VB,4.104610,0.000000
hBN_5x5_VB,4.105623,0.000000
hBN_5x5_VB,4.105635,0.001509
hBN_5x5_VB,4.107709,0.000000
hBN_5x5_VB,4.108610,0.000200
hBN_5x5_VB,4.109587,0.000000
hBN_5x5_VB,4.111946,0.002154
hBN_5x5_VB,4.113294,0.000755
hBN_5x5_VB,4.115900,0.000000
hBN_5x5_VB,4.116388,0.000000
hBN_5x5_VB,4.118843,0.000000
hBN_5x5_VB,4.120256,0.000886
hBN_5x5_VB,4.137195,0.000000
hBN_5x5_VB,4.140633,0.867681
hBN_5x5_VB,4.141160,0.000000
hBN_5x5_VB,4.152941,0.000000
hBN_5x5_VB,4.156893,0.000000
hBN_5x5_VB,4.160102,0.971455
hBN_5x5_VB,4.174754,0.000000
hBN_5x5_VB,4.177932,0.000000
hBN_5x5_VB,4.185952,0.000000
hBN_5x5_VB,4.189250,0.011909
hBN_5x5_VB,4.191944,0.009887
hBN_5x5_VB,4.203708,0.000390
hBN_5x5_VB,4.253497,0.000000
hBN_5x5_VB,4.257113,0.000000
hBN_5x5_VB,4.336677,0.000000
hBN_5x5_VB,4.337783,0.000000
hBN_5x5_VB,4.337885,0.000000
hBN_5x5_VB,4.343100,0.000000
hBN_5x5_VB,4.344351,0.000000
hBN_5x5_VB,4.357850,0.000000
hBN_5x5_VB,4.369008,0.104108
hBN_5x5_VB,4.369088,0.000000
hBN_5x5_VB,4.371522,0.000000
hBN_5x5_VB,4.385755,0.095934
hBN_5x5_VB,4.413639,0.000000
hBN_5x5_VB,4.417273,0.000013
hBN_5x5_VB,4.425275,0.000000
hBN_5x5_VB,4.427356,0.000000
hBN_5x5_VB,4.429760,0.000095
hBN_5x5_VB,4.432766,0.000000
hBN_5x5_VB,4.434743,0.000000
hBN_5x5_VB,4.436135,0.000000
hBN_5x5_VB,4.436246,0.008640
hBN_5x5_VB,4.437283,0.000000
hBN_5x5_VB,4.439348,0.000000
hBN_5x5_VB,4.441953,0.000000
hBN_5x5_VB,4.444381,0.000080
hBN_5x5_VB,4.451381,0.000000
hBN_5x5_VB,4.451532,0.000000
hBN_5x5_VB,4.458516,0.002517
hBN_5x5_VB,4.465602,0.147187
hBN_5x5_VB,4.465922,0.000000
hBN_5x5_VB,4.474853,0.000000
hBN_5x5_VB,4.477807,0.085834
hBN_5x5_VB,4.480254,0.000000
hBN_5x5_VB,4.484809,0.000000
hBN_5x5_VB,4.485252,0.000000
hBN_5x5_VB,4.490371,0.000000
hBN_5x5_VB,4.491347,0.000102
hBN_5x5_VB,4.492650,0.000282
hBN_5x5_VB,4.493124,0.000000
hBN_5x5_VB,4.494857,0.000000
hBN_5x5_VB,4.495705,0.000083
hBN_5x5_VB,4.495888,0.000000
hBN_5x5_VB,4.496204,0.000144
hBN_5x5_VB,4.496493,0.000000
hBN_5x5_VB,4.498137,0.000000
hBN_5x5_VB,4.498229,0.000000
hBN_5x5_VB,4.499428,0.000000
hBN_5x5_VB,4.499679,0.000000
hBN_5x5_VB,4.500074,0.000000
hBN_5x5_VB,4.501655,0.000000
hBN_5x5_VB,4.502391,0.000000
hBN_5x5_VB,4.502492,0.194531
hBN_5x5_VB,4.505785,0.000000
hBN_5x5_VB,4.506516,0.000001
hBN_5x5_VB,4.510827,0.000000
hBN_5x5_VB,4.515057,0.000000
hBN_5x5_VB,4.523124,0.000000
hBN_5x5_VB,4.525635,0.000006
hBN_5x5_VB,4.527228,0.000000
hBN_5x5_VB,4.529074,0.000000
hBN_5x5_VB,4.530622,0.020132
hBN_5x5_VB,4.532863,0.000000
hBN_5x5_VB,4.533700,0.009753
hBN_5x5_VB,4.544975,0.000000
hBN_5x5_VB,4.548655,0.000022
hBN_5x5_VB,4.551900,0.000000
hBN_5x5_VB,4.553645,0.000000
hBN_5x5_VB,4.561323,0.000000
hBN_5x5_VB,4.562041,0.001969
hBN_5x5_VB,4.562838,0.000000
hBN_5x5_VB,4.563433,0.010507
hBN_5x5_VB,4.570984,0.000000
hBN_5x5_VB,4.572932,0.000000
hBN_5x5_VB,4.574292,0.000000
hBN_5x5_VB,4.577078,0.000000
hBN_5x5_VB,4.578392,0.000000
hBN_5x5_VB,4.586003,0.000000
hBN_5x5_VB,4.592032,0.000000
hBN_5x5_VB,4.595858,0.294351
hBN_5x5_VB,4.597609,0.000000
hBN_5x5_VB,4.598604,0.000065
hBN_5x5_VB,4.598846,0.000000
hBN_5x5_VB,4.599448,0.000000
hBN_5x5_VB,4.600118,0.311385
hBN_5x5_VB,4.602471,0.000000
hBN_5x5_VB,4.605286,0.000017
hBN_5x5_VB,4.605583,0.000011
hBN_5x5_VB,4.610573,0.000000
hBN_5x5_VB,4.611561,0.000000
hBN_5x5_VB,4.615581,0.000000
hBN_5x5_VB,4.630382,0.029332
hBN_5x5_VB,4.664101,0.004010
hBN_5x5_VB,4.669686,0.023503
hBN_5x5_VB,4.681645,0.031570
hBN_5x5_VB,4.689269,0.000000
hBN_5x5_VB,4.690085,0.000003
hBN_5x5_VB,4.691786,0.000000
hBN_5x5_VB,4.692876,0.000000
hBN_5x5_VB,4.695481,0.000000
hBN_5x5_VB,4.696720,0.000000
hBN_5x5_VB,4.698337,0.000000
hBN_5x5_VB,4.699249,0.000003
hBN_5x5_VB,4.766664,0.000000
hBN_5x5_VB,4.768763,0.000000
hBN_5x5_VB,4.769340,0.000000
hBN_5x5_VB,4.771441,0.000000
hBN_5x5_VB,4.798438,0.000000
hBN_5x5_VB,4.806595,0.000000
hBN_5x5_VB,4.820008,0.000000
hBN_5x5_VB,4.821447,0.000000
hBN_5x5_VB,4.826438,0.000000
hBN_5x5_VB,4.827876,0.000000
hBN_5x5_VB,4.831921,0.000000
hBN_5x5_VB,4.836489,0.000000
hBN_5x5_VB,4.886075,0.014147
hBN_5x5_VB,4.887000,0.000000
hBN_5x5_VB,4.889155,0.006133
hBN_5x5_VB,4.891411,0.000000
hBN_5x5_VB,4.897536,0.000000
hBN_5x5_VB,4.899911,0.000000
hBN_5x5_VB,4.900587,0.000000
hBN_5x5_VB,4.901593,0.000000
hBN_5x5_VB,4.904848,0.000000
hBN_5x5_VB,4.912946,0.000000
hBN_5x5_VB,4.915993,0.064293
hBN_5x5_VB,4.925612,0.049565
hBN_5x5_VB,4.926961,0.000000
hBN_5x5_VB,4.945637,0.000000
hBN_5x5_VB,4.947703,0.000000
hBN_5x5_VB,4.948081,0.000000
hBN_5x5_VB,4.957839,0.043603
hBN_5x5_VB,4.959042,0.014670
hBN_5x5_VB,4.964719,0.000000
hBN_5x5_VB,4.967281,0.057879
hBN_5x5_VB,4.967899,0.000000
hBN_5x5_VB,4.972238,0.000000
hBN_5x5_VB,4.972673,0.000000
hBN_5x5_VB,4.972708,0.000000
hBN_5x5_VB,4.974102,0.000000
hBN_5x5_VB,4.976961,0.000000
hBN_5x5_VB,4.980506,0.000000
hBN_5x5_VB,4.981990,0.000000
hBN_5x5_VB,4.982665,0.024763
hBN_5x5_VB,4.992863,0.076853
hBN_5x5_VB,4.993770,0.089471
hBN_5x5_VB,5.000938,0.007743
hBN_5x5_VB,5.011888,0.000000
hBN_5x5_VB,5.018065,0.000000
hBN_5x5_VB,5.023955,0.000021
hBN_5x5_VB,5.038502,0.000000
hBN_5x5_VB,5.040306,0.006406
hBN_5x5_VB,5.044872,0.000000
hBN_5x5_VB,5.045881,0.007491
hBN_5x5_VB,5.051492,0.008230
hBN_5x5_VB,5.053716,0.000906
hBN_5x5_VB,5.075314,0.019704
hBN_5x5_VB,5.079404,0.000000
hBN_5x5_VB,5.079407,0.003739
hBN_5x5_VB,5.097116,0.000000
hBN_5x5_VB,5.098351,0.000000
hBN_5x5_VB,5.112893,0.000000
hBN_5x5_VB,5.115191,0.000000
hBN_5x5_VB,5.120484,0.000000
hBN_5x5_VB,5.125212,0.000769
hBN_5x5_VB,5.125293,0.000000
hBN_5x5_VB,5.125398,0.026717
hBN_5x5_VB,5.128553,0.002551
hBN_5x5_VB,5.138091,0.007225
hBN_5x5_VB,5.148751,0.000000
hBN_5x5_VB,5.151699,0.000000
hBN_5x5_VB,5.154186,0.000054
hBN_5x5_VB,5.154855,0.000000
hBN_5x5_VB,5.155638,0.000000
hBN_5x5_VB,5.155994,0.001823
hBN_5x5_VB,5.160629,0.000667
hBN_5x5_VB,5.161867,0.000000
hBN_5x5_VB,5.162812,0.000000
hBN_5x5_VB,5.163808,0.000000
hBN_5x5_VB,5.163999,0.000000
hBN_5x5_VB,5.168277,0.000000
hBN_5x5_VB,5.169280,0.000000
hBN_5x5_VB,5.170543,0.000000
hBN_5x5_VB,5.175117,0.000000
hBN_5x5_VB,5.182163,0.000000
hBN_5x5_VB,5.186669,0.000000
hBN_5x5_VB,5.190031,0.043828
hBN_5x5_VB,5.192172,0.054573
hBN_5x5_VB,5.218676,0.001668
hBN_5x5_VB,5.226927,0.012074
hBN_5x5_VB,5.229898,0.002438
hBN_5x5_VB,5.234911,0.000000
hBN_5x5_VB,5.239821,0.000000
hBN_5x5_VB,5.239823,0.000000
hBN_5x5_VB,5.240817,0.000000
hBN_5x5_VB,5.241026,0.000013
hBN_5x5_VB,5.247734,0.004474
hBN_5x5_VB,5.248579,0.007094
hBN_5x5_VB,5.256217,0.215688
hBN_5x5_VB,5.275525,0.000000
hBN_5x5_VB,5.280478,0.000000
hBN_5x5_VB,5.291858,0.041666
hBN_5x5_VB,5.293314,0.113335
hBN_5x5_VB,5.296980,0.045763
hBN_5x5_VB,5.339667,0.024947
hBN_5x5_VB,5.360200,0.012729
hBN_5x5_VB,5.365816,0.000000
hBN_5x5_VB,5.369769,0.001146
hBN_5x5_VB,5.385386,0.786863
hBN_5x5_VB,5.398656,0.013719
hBN_5x5_VB,5.402963,0.014554
hBN_5x5_VB,5.420419,0.298782
hBN_5x5_VB,5.422720,0.337128
hBN_5x5_VB,5.426016,0.017024
hBN_5x5_VB,5.429521,0.000000
hBN_5x5_VB,5.435283,0.000000
hBN_5x5_VB,5.478249,0.000000
hBN_5x5_VB,5.479901,0.000000
hBN_5x5_VB,5.483364,0.000110
hBN_5x5_VB,5.483673,0.000000
hBN_5x5_VB,5.487374,0.000000
hBN_5x5_VB,5.490019,0.000000
hBN_5x5_VB,5.492827,0.000000
hBN_5x5_VB,5.493392,0.000144
hBN_5x5_VB,5.524846,0.000000
hBN_5x5_VB,5.533965,0.000000
hBN_5x5_VB,5.540230,0.000000
hBN_5x5_VB,5.550152,0.000000
hBN_5x5_VB,5.580169,0.552657
hBN_5x5_VB,5.587990,0.509347
hBN_5x5_VB,5.608342,0.000000
hBN_5x5_VB,5.614510,0.000000
hBN_5x5_VB,5.616078,0.000000
hBN_5x5_VB,5.618838,0.000000
hBN_5x5_VB,5.657788,0.000000
hBN_5x5_VB,5.658831,0.000001
hBN_5x5_VB,5.664056,0.000000
hBN_5x5_VB,5.664249,0.000000
hBN_5x5_VB,5.665145,0.000000
hBN_5x5_VB,5.665642,0.000000
hBN_5x5_VB,5.666445,0.000000
hBN_5x5_VB,5.671951,0.000000
hBN_5x5_VB,5.673116,0.000002
hBN_5x5_VB,5.688977,0.026514
hBN_5x5_VB,5.728807,0.000000
hBN_5x5_VB,5.734569,0.000000
hBN_5x5_VB,5.735066,0.000000
hBN_5x5_VB,5.737722,0.000000
hBN_5x5_VB,5.742684,0.001269
hBN_5x5_VB,5.742847,0.000000
hBN_5x5_VB,5.745521,0.000000
hBN_5x5_VB,5.759915,0.125659
hBN_5x5_VB,5.762202,0.117499
hBN_5x5_VB,5.788511,0.000000
hBN_5x5_VB,5.794631,0.000000
hBN_5x5_VB,5.849608,0.078097
hBN_5x5_VB,5.856954,0.000000
hBN_5x5_VB,5.858836,0.000001
hBN_5x5_VB,5.858934,0.054629
hBN_5x5_VB,5.862213,0.000000
hBN_5x5_VB,5.863361,0.000000
hBN_5x5_VB,5.865312,0.000000
hBN_5x5_VB,5.873947,0.000000
hBN_5x5_VB,5.874826,0.000000
hBN_5x5_VB,5.888984,0.000000
hBN_5x5_VB,5.889594,0.000000
hBN_5x5_VB,5.895326,0.000000
hBN_5x5_VB,5.896213,0.000039
hBN_5x5_VB,5.900634,0.000000
hBN_5x5_VB,5.901470,0.000039
hBN_5x5_VB,5.907106,0.000000
hBN_5x5_VB,5.907791,0.000000
hBN_5x5_VB,5.923975,0.000000
hBN_5x5_VB,5.931354,0.000000
hBN_5x5_VB,5.933359,0.000000
hBN_5x5_VB,5.934727,0.000000
hBN_5x5_VB,5.936922,0.000000
hBN_5x5_VB,5.943591,0.000032
hBN_5x5_VB,5.946454,0.000000
hBN_5x5_VB,5.966590,0.000000
hBN_5x5_VB,5.968161,0.000000
hBN_5x5_VB,5.970563,0.378611
hBN_5x5_VB,5.978310,0.000000
hBN_5x5_VB,5.979096,0.141698
hBN_5x5_VB,5.979874,0.000000
hBN_5x5_VB,5.998094,0.322479
hBN_5x5_VB,5.998779,0.157913
hBN_5x5_VN,1.623687,0.000000
hBN_5x5_VN,1.631025,0.000000
hBN_5x5_VN,1.832868,0.000000
hBN_5x5_VN,1.841456,0.000000
hBN_5x5_VN,1.906326,0.000965
hBN_5x5_VN,1.907337,0.009858
hBN_5x5_VN,1.943332,0.000000
hBN_5x5_VN,1.948732,0.000000
hBN_5x5_VN,1.959601,0.000000
hBN_5x5_VN,1.969061,0.000002
hBN_5x5_VN,1.977836,0.000000
hBN_5x5_VN,1.986880,0.000020
hBN_5x5_VN,2.086326,0.000000
hBN_5x5_VN,2.191121,0.032847
hBN_5x5_VN,2.263817,0.055362
hBN_5x5_VN,2.269678,0.008641
hBN_5x5_VN,2.883365,0.000000
hBN_5x5_VN,2.949668,0.003779
hBN_5x5_VN,3.108692,0.000000
hBN_5x5_VN,3.159239,0.000000
hBN_5x5_VN,3.162078,0.000000
hBN_5x5_VN,3.193783,0.000000
hBN_5x5_VN,3.195094,0.000000
hBN_5x5_VN,3.209435,0.037535
hBN_5x5_VN,3.210564,0.019674
hBN_5x5_VN,3.238660,0.000189
hBN_5x5_VN,3.258260,0.085035
hBN_5x5_VN,3.259406,0.010419
hBN_5x5_VN,3.857976,0.000000
hBN_5x5_VN,4.021427,0.390211
hBN_5x5_VN,4.377779,0.000000
hBN_5x5_VN,4.382506,0.000000
hBN_5x5_VN,4.489346,0.000000
hBN_5x5_VN,4.491256,0.293832
hBN_5x5_VN,4.491541,0.000000
hBN_5x5_VN,4.494396,0.000000
hBN_5x5_VN,4.498153,0.117082
hBN_5x5_VN,4.507446,0.000000
hBN_5x5_VN,4.522690,0.000001
hBN_5x5_VN,4.553362,0.000000
hBN_5x5_VN,4.554709,0.098997
hBN_5x5_VN,4.556954,0.008481
hBN_5x5_VN,4.568223,0.000001
hBN_5x5_VN,4.568524,0.284272
hBN_5x5_VN,4.887993,0.000000
hBN_5x5_VN,4.951092,0.080250
hBN_5x5_VN,4.954207,0.000000
hBN_5x5_VN,4.961656,0.000000
hBN_5x5_VN,4.978538,0.000000
hBN_5x5_VN,4.982102,0.000000
hBN_5x5_VN,4.984199,0.000000
hBN_5x5_VN,5.006331,0.000000
hBN_5x5_VN,5.006710,0.000000
hBN_5x5_VN,5.008077,0.000000
hBN_5x5_VN,5.010095,0.000000
hBN_5x5_VN,5.015013,0.000000
hBN_5x5_VN,5.017564,0.000000
hBN_5x5_VN,5.017611,0.000009
hBN_5x5_VN,5.022243,0.000000
hBN_5x5_VN,5.022883,0.000000
hBN_5x5_VN,5.024307,0.000000
hBN_5x5_VN,5.024927,0.000002
hBN_5x5_VN,5.026492,0.000021
hBN_5x5_VN,5.032233,0.000005
hBN_5x5_VN,5.034491,0.000000
hBN_5x5_VN,5.038627,0.000000
hBN_5x5_VN,5.043724,0.000000
hBN_5x5_VN,5.044784,0.000000
hBN_5x5_VN,5.046680,0.000000
hBN_5x5_VN,5.047532,0.000000
hBN_5x5_VN,5.049358,0.000000
hBN_5x5_VN,5.050094,0.014287
hBN_5x5_VN,5.051969,0.002687
hBN_5x5_VN,5.054390,0.000000
hBN_5x5_VN,5.055452,0.000000
hBN_5x5_VN,5.057387,0.013030
hBN_5x5_VN,5.071524,0.000825
hBN_5x5_VN,5.072361,0.000029
hBN_5x5_VN,5.079001,0.000452
hBN_5x5_VN,5.079836,0.000323
hBN_5x5_VN,5.084094,0.000000
hBN_5x5_VN,5.090553,0.000000
hBN_5x5_VN,5.092902,0.000000
hBN_5x5_VN,5.116767,0.000000
hBN_5x5_VN,5.122303,0.047446
hBN_5x5_VN,5.123571,0.055000
hBN_5x5_VN,5.129511,0.000000
hBN_5x5_VN,5.132814,0.004964
hBN_5x5_VN,5.132825,0.005972
hBN_5x5_VN,5.132943,0.000000
hBN_5x5_VN,5.138589,0.000000
hBN_5x5_VN,5.139507,0.000000
hBN_5x5_VN,5.146245,0.000000
hBN_5x5_VN,5.149254,0.048514
hBN_5x5_VN,5.149916,0.000000
hBN_5x5_VN,5.151170,0.023126
hBN_5x5_VN,5.157312,0.001158
hBN_5x5_VN,5.176780,0.009174
hBN_5x5_VN,5.181243,0.000000
hBN_5x5_VN,5.181853,0.000000
hBN_5x5_VN,5.182415,0.039629
hBN_5x5_VN,5.184823,0.000000
hBN_5x5_VN,5.186285,0.000000
hBN_5x5_VN,5.189327,0.000000
hBN_5x5_VN,5.192097,0.000000
hBN_5x5_VN,5.196870,0.000000
hBN_5x5_VN,5.199024,0.050788
hBN_5x5_VN,5.201815,0.105000
hBN_5x5_VN,5.215246,0.000711
hBN_5x5_VN,5.217111,0.310283
hBN_5x5_VN,5.221341,0.000000
hBN_5x5_VN,5.223230,0.000000
hBN_5x5_VN,5.227186,0.000000
hBN_5x5_VN,5.230836,0.110759
hBN_5x5_VN,5.235832,0.178750
hBN_5x5_VN,5.236436,0.000000
hBN_5x5_VN,5.237327,0.000000
hBN_5x5_VN,5.238881,0.000000
hBN_5x5_VN,5.241555,0.127715
hBN_5x5_VN,5.251859,0.000354
hBN_5x5_VN,5.264753,0.035159
hBN_5x5_VN,5.267833,0.000020
hBN_5x5_VN,5.289602,0.059431
hBN_5x5_VN,5.290719,0.000000
hBN_5x5_VN,5.291709,0.000000
hBN_5x5_VN,5.294533,0.103390
hBN_5x5_VN,5.327223,0.000000
hBN_5x5_VN,5.331012,0.304042
hBN_5x5_VN,5.337720,0.128921
hBN_5x5_VN,5.343652,0.013736
hBN_5x5_VN,5.349068,0.000001
hBN_5x5_VN,5.350823,0.001475
hBN_5x5_VN,5.374390,0.029704
hBN_5x5_VN,5.398455,0.000466
hBN_5x5_VN,5.399376,0.019639
hBN_5x5_VN,5.435404,0.051055
hBN_5x5_VN,5.437852,0.251574
hBN_5x5_VN,5.501421,0.000000
hBN_5x5_VN,5.502951,0.263467
hBN_5x5_VN,5.503465,0.225491
hBN_5x5_VN,5.508685,0.000002
hBN_5x5_VN,5.511032,0.000000
hBN_5x5_VN,5.525656,0.000001
hBN_5x5_VN,5.533789,0.230803
hBN_5x5_VN,5.536515,0.000000
hBN_5x5_VN,5.552243,0.000158
hBN_5x5_VN,5.697686,0.000000
hBN_5x5_VN,5.705567,0.000000
hBN_5x5_VN,5.718386,0.000000
hBN_5x5_VN,5.720876,0.000000
hBN_5x5_VN,5.770122,0.000000
hBN_5x5_VN,5.778383,0.000000
hBN_5x5_VN,5.822240,0.000000
hBN_5x5_VN,5.881469,0.000000
hBN_5x5_VN,5.886534,0.191523
hBN_5x5_VN,5.887133,0.000000
hBN_5x5_VN,5.896741,0.089478
hBN_5x5_VN,5.903090,0.022700
hBN_5x5_VN,5.932341,0.000000
hBN_5x5_VN,5.966256,0.000000
hBN_5x5_VN,5.978500,0.000000
hBN_5x5_VN,5.978799,0.000000
hBN_5x5_VN,5.992489,0.000002
hBN_5x5_pristine,5.123385,0.000138
hBN_5x5_pristine,5.143897,0.000948
hBN_5x5_pristine,5.147187,0.001673
hBN_5x5_pristine,5.160486,0.003560
hBN_5x5_pristine,5.162863,0.003992
hBN_5x5_pristine,5.165067,0.000014
hBN_5x5_pristine,5.165212,0.000191
hBN_5x5_pristine,5.170396,0.000011
hBN_5x5_pristine,5.170440,0.000021
hBN_5x5_pristine,5.178502,0.005943
hBN_5x5_pristine,5.178584,0.003580
hBN_5x5_pristine,5.179999,0.185792
hBN_5x5_pristine,5.180044,0.094503
hBN_5x5_pristine,5.181898,0.019823
hBN_5x5_pristine,5.196054,0.014384
hBN_5x5_pristine,5.197647,0.008763
hBN_5x5_pristine,5.198179,0.010161
hBN_5x5_pristine,5.198673,0.000061
hBN_5x5_pristine,5.203392,0.005840
hBN_5x5_pristine,5.206087,0.000334
hBN_5x5_pristine,5.206245,0.001017
hBN_5x5_pristine,5.220470,0.000120
hBN_5x5_pristine,5.220537,0.000172
hBN_5x5_pristine,5.281615,0.119825
hBN_5x5_pristine,5.288612,0.000045
hBN_5x5_pristine,5.288628,0.000019
hBN_5x5_pristine,5.306429,0.000011
hBN_5x5_pristine,5.306970,0.000095
hBN_5x5_pristine,5.320929,0.000062
hBN_5x5_pristine,5.321109,0.000126
hBN_5x5_pristine,5.375929,0.436071
hBN_5x5_pristine,5.380684,0.179672
hBN_5x5_pristine,5.385853,0.063507
hBN_5x5_pristine,5.403361,0.079981
hBN_5x5_pristine,5.419903,0.212510
hBN_5x5_pristine,5.425446,0.340905
